Workbook

Sheet Weapon Base Stats
A1: WEAPON BASE STATS — Dark rows = current. Green = fill in. Amber = incomplete (needs values). Do not rename columns.
A2: Weapon ID (snake_case) | B2: Display Name | C2: Type ballistic/energy missile/fire | D2: Base Damage (tier 1) | E2: AOE Radius (0=none, 0–1 scale) | F2: Burn % (of hit damage) | G2: Burn Duration (seconds) | H2: Split Count (0=none) | I2: Split Trigger impact/expiry/bounce | J2: Child DMG % (of parent) | K2: Child Spread (degrees) | L2: Fire Rate (sec between shots) | M2: Bullet Speed (pixels/sec) | N2: DMG Scale (per tier) | O2: Rate Scale (per tier) | P2: R (0–1) | Q2: G (0–1) | R2: B (0–1) | S2: Design Notes
A3: Used as key in weapons.json | B3: Shown in HUD | C3: Affects pilot multipliers | D3: Integer | E3: Explosion radius on impact | F3: e.g. 0.5 = 50% burn damage | G3: How long DOT lasts | H3: Child projectiles spawned | I3: When children spawn | J3: e.g. 0.3 = 30% per child | K3: Fan angle for children | L3: Lower = faster | M3: Typical 500–1100 | N3: e.g. 0.44 = +44% per tier | O3: e.g. 0.16 = faster per tier | P3: Bullet colour
A4: machine_gun | B4: Machine Gun | C4: ballistic | D4: 10 | E4: 0 | F4: 0 | G4: 0 | H4: 0 | J4: 0 | K4: 0 | L4: 0.2 | M4: 900 | N4: 0.44 | O4: 0.16 | P4: 1 | Q4: 1 | R4: 0.2 | S4: Fast, low damage. Yellow tracer.
A5: energy_beam | B5: Energy Beam | C5: energy | D5: 18 | E5: 0.2 | F5: 0.1 | G5: 1 | H5: 0 | J5: 0 | K5: 0 | L5: 0.38 | M5: 1100 | N5: 0.44 | O5: 0.16 | P5: 0.2 | Q5: 0.8 | R5: 1 | S5: Mid damage, fastest bullet. Minor burn.
A6: missile | B6: Missile | C6: missile | D6: 35 | E6: 0.3 | F6: 0.02 | G6: 1 | H6: 0 | J6: 0 | K6: 0 | L6: 0.75 | M6: 500 | N6: 0.44 | O6: 0.16 | P6: 1 | Q6: 0.35 | R6: 0.1 | S6: Slow fire, heavy damage. Minor burn.
A7: heavy_machine_gun | B7: Heavy Machine Gun | C7: ballistic | D7: 14 | E7: 0 | F7: 0 | G7: 0 | H7: 0 | J7: 0 | K7: 0 | L7: 0.25 | M7: 700 | N7: 0.44 | O7: 0.16 | P7: 0.9 | Q7: 0.9 | R7: 1 | S7: Higher damage, slightly slower than MG.
A8: homing_missile | B8: Homing Missile | C8: missile | D8: 30 | E8: 0.3 | F8: 0.02 | G8: 1 | H8: 0 | J8: 0 | K8: 0 | L8: 0.8 | M8: 400 | N8: 0.44 | O8: 0.16 | P8: 1 | Q8: 0.2 | R8: 0 | S8: Steers toward nearest enemy. Needs homing system.
A9: napalm | B9: Napalm | C9: fire | D9: 20 | E9: 0.5 | F9: 0.5 | G9: 3 | H9: 0 | J9: 0 | K9: 0 | L9: 0.6 | M9: 600 | N9: 0.44 | O9: 0.12 | P9: 1 | Q9: 0.4 | R9: 0 | S9: Hits → applies burn DOT. Fire type.
A10: nuke | B10: Nuke | C10: missile | D10: 200 | E10: 1 | F10: 0.75 | G10: 5 | H10: 0 | J10: 0 | K10: 0 | L10: 1 | M10: 500 | N10: 0.44 | O10: 0.1 | P10: 1 | Q10: 1 | R10: 0.9 | S10: Massive AOE + heavy burn. Slow fire.
A11: cluster_bomb | B11: Cluster Bomb | C11: ballistic | D11: 100 | E11: 0.3 | F11: 0.01 | G11: 1 | H11: 10 | I11: impact | J11: 0.3 | K11: 45 | L11: 0.5 | M11: 500 | N11: 0.44 | O11: 0.12 | P11: 0.8 | Q11: 1 | R11: 0.2 | S11: Explodes into 10 child projectiles on impact.
A12: nano_bots | B12: Nano Bots | C12: energy | D12: 1 | E12: 0 | F12: 0 | G12: 0 | H12: 20 | I12: impact | J12: 0.1 | K12: ? | L12: 0.2 | M12: 900 | N12: 0.44 | O12: 0.16 | P12: 0 | Q12: 1 | R12: 0.8 | S12: 20 bots spawn on impact, each with independent base dmg 6 (child_dmg_pct = bonus on top). Weapon merging in Pilot Academy makes these scale fast.

Sheet Tier Progression
A1: ⚔️ WEAPON TIER PROGRESSION (formulas pull from 'Weapon Base Stats')
A2: Weapon | B2: Stat | C2: Tier 1 | D2: Tier 2 | E2: Tier 3 | F2: Tier 4 | G2: Tier 5
A3: Machine Gun | B3: Damage | C3: ='Weapon Base Stats'!C3 | D3: =CEILING(C3*(1+'Weapon Base Stats'!G3),1) | E3: =CEILING(D3*(1+'Weapon Base Stats'!G3),1) | F3: =CEILING(E3*(1+'Weapon Base Stats'!G3),1) | G3: =CEILING(F3*(1+'Weapon Base Stats'!G3),1)
B4: Fire Rate | C4: ='Weapon Base Stats'!D3 | D4: =ROUND(C4*(1+'Weapon Base Stats'!H3),2) | E4: =ROUND(D4*(1+'Weapon Base Stats'!H3),2) | F4: =ROUND(E4*(1+'Weapon Base Stats'!H3),2) | G4: =ROUND(F4*(1+'Weapon Base Stats'!H3),2)
B5: Projectiles | C5: ='Weapon Base Stats'!E3 | D5: =CEILING(C5*(1+0.1),1) | E5: =CEILING(D5*(1+0.1),1) | F5: =CEILING(E5*(1+0.1),1) | G5: =CEILING(F5*(1+0.1),1)
B6: AOE Radius | C6: ='Weapon Base Stats'!F3 | D6: ='Weapon Base Stats'!F3 | E6: ='Weapon Base Stats'!F3 | F6: ='Weapon Base Stats'!F3 | G6: ='Weapon Base Stats'!F3
B7: DPS (dmg×rof×proj) | C7: =C3*C4*C5 | D7: =D3*D4*D5 | E7: =E3*E4*E5 | F7: =F3*F4*F5 | G7: =G3*G4*G5
A9: Shotgun | B9: Damage | C9: ='Weapon Base Stats'!C4 | D9: =CEILING(C9*(1+'Weapon Base Stats'!G4),1) | E9: =CEILING(D9*(1+'Weapon Base Stats'!G4),1) | F9: =CEILING(E9*(1+'Weapon Base Stats'!G4),1) | G9: =CEILING(F9*(1+'Weapon Base Stats'!G4),1)
B10: Fire Rate | C10: ='Weapon Base Stats'!D4 | D10: =ROUND(C10*(1+'Weapon Base Stats'!H4),2) | E10: =ROUND(D10*(1+'Weapon Base Stats'!H4),2) | F10: =ROUND(E10*(1+'Weapon Base Stats'!H4),2) | G10: =ROUND(F10*(1+'Weapon Base Stats'!H4),2)
B11: Projectiles | C11: ='Weapon Base Stats'!E4 | D11: =CEILING(C11*(1+0.25),1) | E11: =CEILING(D11*(1+0.25),1) | F11: =CEILING(E11*(1+0.25),1) | G11: =CEILING(F11*(1+0.25),1)
B12: AOE Radius | C12: ='Weapon Base Stats'!F4 | D12: ='Weapon Base Stats'!F4 | E12: ='Weapon Base Stats'!F4 | F12: ='Weapon Base Stats'!F4 | G12: ='Weapon Base Stats'!F4
B13: DPS (dmg×rof×proj) | C13: =C9*C10*C11 | D13: =D9*D10*D11 | E13: =E9*E10*E11 | F13: =F9*F10*F11 | G13: =G9*G10*G11
A15: Plasma Cannon | B15: Damage | C15: ='Weapon Base Stats'!C5 | D15: =CEILING(C15*(1+'Weapon Base Stats'!G5),1) | E15: =CEILING(D15*(1+'Weapon Base Stats'!G5),1) | F15: =CEILING(E15*(1+'Weapon Base Stats'!G5),1) | G15: =CEILING(F15*(1+'Weapon Base Stats'!G5),1)
B16: Fire Rate | C16: ='Weapon Base Stats'!D5 | D16: =ROUND(C16*(1+'Weapon Base Stats'!H5),2) | E16: =ROUND(D16*(1+'Weapon Base Stats'!H5),2) | F16: =ROUND(E16*(1+'Weapon Base Stats'!H5),2) | G16: =ROUND(F16*(1+'Weapon Base Stats'!H5),2)
B17: Projectiles | C17: ='Weapon Base Stats'!E5 | D17: ='Weapon Base Stats'!E5 | E17: ='Weapon Base Stats'!E5 | F17: ='Weapon Base Stats'!E5 | G17: ='Weapon Base Stats'!E5
B18: AOE Radius | C18: ='Weapon Base Stats'!F5 | D18: =CEILING(C18*(1+0.2),1) | E18: =CEILING(D18*(1+0.2),1) | F18: =CEILING(E18*(1+0.2),1) | G18: =CEILING(F18*(1+0.2),1)
B19: DPS (dmg×rof×proj) | C19: =C15*C16*C17 | D19: =D15*D16*D17 | E19: =E15*E16*E17 | F19: =F15*F16*F17 | G19: =G15*G16*G17
A21: Laser | B21: Damage | C21: ='Weapon Base Stats'!C6 | D21: =CEILING(C21*(1+'Weapon Base Stats'!G6),1) | E21: =CEILING(D21*(1+'Weapon Base Stats'!G6),1) | F21: =CEILING(E21*(1+'Weapon Base Stats'!G6),1) | G21: =CEILING(F21*(1+'Weapon Base Stats'!G6),1)
B22: Fire Rate | C22: ='Weapon Base Stats'!D6 | D22: =ROUND(C22*(1+'Weapon Base Stats'!H6),2) | E22: =ROUND(D22*(1+'Weapon Base Stats'!H6),2) | F22: =ROUND(E22*(1+'Weapon Base Stats'!H6),2) | G22: =ROUND(F22*(1+'Weapon Base Stats'!H6),2)
B23: Projectiles | C23: ='Weapon Base Stats'!E6 | D23: ='Weapon Base Stats'!E6 | E23: ='Weapon Base Stats'!E6 | F23: ='Weapon Base Stats'!E6 | G23: ='Weapon Base Stats'!E6
B24: AOE Radius | C24: ='Weapon Base Stats'!F6 | D24: ='Weapon Base Stats'!F6 | E24: ='Weapon Base Stats'!F6 | F24: ='Weapon Base Stats'!F6 | G24: ='Weapon Base Stats'!F6
B25: DPS (dmg×rof×proj) | C25: =C21*C22*C23 | D25: =D21*D22*D23 | E25: =E21*E22*E23 | F25: =F21*F22*F23 | G25: =G21*G22*G23
A27: Homing Missile | B27: Damage | C27: ='Weapon Base Stats'!C7 | D27: =CEILING(C27*(1+'Weapon Base Stats'!G7),1) | E27: =CEILING(D27*(1+'Weapon Base Stats'!G7),1) | F27: =CEILING(E27*(1+'Weapon Base Stats'!G7),1) | G27: =CEILING(F27*(1+'Weapon Base Stats'!G7),1)
B28: Fire Rate | C28: ='Weapon Base Stats'!D7 | D28: =ROUND(C28*(1+'Weapon Base Stats'!H7),2) | E28: =ROUND(D28*(1+'Weapon Base Stats'!H7),2) | F28: =ROUND(E28*(1+'Weapon Base Stats'!H7),2) | G28: =ROUND(F28*(1+'Weapon Base Stats'!H7),2)
B29: Projectiles | C29: ='Weapon Base Stats'!E7 | D29: =CEILING(C29*(1+0.1),1) | E29: =CEILING(D29*(1+0.1),1) | F29: =CEILING(E29*(1+0.1),1) | G29: =CEILING(F29*(1+0.1),1)
B30: AOE Radius | C30: ='Weapon Base Stats'!F7 | D30: =CEILING(C30*(1+0.15),1) | E30: =CEILING(D30*(1+0.15),1) | F30: =CEILING(E30*(1+0.15),1) | G30: =CEILING(F30*(1+0.15),1)
B31: DPS (dmg×rof×proj) | C31: =C27*C28*C29 | D31: =D27*D28*D29 | E31: =E27*E28*E29 | F31: =F27*F28*F29 | G31: =G27*G28*G29

Sheet Card Simulator
A1: 🃏 CARD & UPGRADE SIMULATOR — adjust yellow cells to see final stats
A2: Yellow = inputs you can change. Tier pulls from Tier Progression sheet. Final DPS = (BaseDMG + FlatBonus) × DMGMult × FireRate × RoFMult × (BaseProj + ExtraProj)
A3: Weapon | B3: Tier (1–5) | C3: Base Damage | D3: Base Fire Rate | E3: Base Projectiles | F3: +Flat DMG (card) | G3: ×DMG Mult (card) | H3: ×RoF Mult (card) | I3: +Proj (card) | J3: Final DPS
A4: Machine Gun | B4: 1 | C4: =INDEX('Tier Progression'!C3:G3,1,B4) | D4: =INDEX('Tier Progression'!C4:G4,1,B4) | E4: =INDEX('Tier Progression'!C5:G5,1,B4) | F4: 0 | G4: 1 | H4: 1 | I4: 0 | J4: =(C4+F4)*G4*D4*H4*(E4+I4)
A5: Shotgun | B5: 1 | C5: =INDEX('Tier Progression'!C9:G9,1,B5) | D5: =INDEX('Tier Progression'!C10:G10,1,B5) | E5: =INDEX('Tier Progression'!C11:G11,1,B5) | F5: 0 | G5: 1 | H5: 1 | I5: 0 | J5: =(C5+F5)*G5*D5*H5*(E5+I5)
A6: Plasma Cannon | B6: 1 | C6: =INDEX('Tier Progression'!C15:G15,1,B6) | D6: =INDEX('Tier Progression'!C16:G16,1,B6) | E6: =INDEX('Tier Progression'!C17:G17,1,B6) | F6: 0 | G6: 1 | H6: 1 | I6: 0 | J6: =(C6+F6)*G6*D6*H6*(E6+I6)
A7: Laser | B7: 1 | C7: =INDEX('Tier Progression'!C21:G21,1,B7) | D7: =INDEX('Tier Progression'!C22:G22,1,B7) | E7: =INDEX('Tier Progression'!C23:G23,1,B7) | F7: 0 | G7: 1 | H7: 1 | I7: 0 | J7: =(C7+F7)*G7*D7*H7*(E7+I7)
A8: Homing Missile | B8: 1 | C8: =INDEX('Tier Progression'!C27:G27,1,B8) | D8: =INDEX('Tier Progression'!C28:G28,1,B8) | E8: =INDEX('Tier Progression'!C29:G29,1,B8) | F8: 0 | G8: 1 | H8: 1 | I8: 0 | J8: =(C8+F8)*G8*D8*H8*(E8+I8)

Sheet Pilots
A1: PILOT DATABASE — Green rows = ready to import. One pilot per row. Do not rename columns.
A2: Pilot ID (no spaces, snake_case) | B2: Display Name | C2: Type global / weapon_type / conditional | D2: Rarity common/rare/ epic/legendary | E2: Cost (credits) | F2: Description (card text) | G2: Effect Key (code identifier) | H2: Value (numeric) | I2: Weapon Category (weapon_type only) | J2: Synergies | K2: Anti-Synergies | L2: Power Level (1–10) | M2: Status idea/designed/ implemented | N2: Design Notes
A3: e.g. power_surge | B3: Shown on pilot card | C3: Determines when effect fires | D3: Affects pool probability | E3: Integer, e.g. 20–80 | F3: Keep under 50 chars | G3: e.g. damage_flat_pct | H3: e.g. 0.20 for 20% | I3: ballistic/energy/missile or blank | J3: Other pilot names (notes only) | K3: Notes only | L3: 1=weak, 10=broken
A4: power_surge | B4: Power Surge | C4: global | D4: common | E4: 20 | F4: +20% all bullet damage | G4: damage_flat_pct | H4: 0.2 | J4: Any build | K4: None | L4: 5 | M4: implemented | N4: Scales well late game
A5: shield_tech | B5: Shield Tech | C5: global | D5: common | E5: 20 | F5: +25 Max Shield | G5: shield_boost | H5: 25 | J5: Tanky builds | K5: None | L5: 3 | M5: implemented | N5: One-time stat on hire
A6: ballistic_expert | B6: Ballistic Expert | C6: weapon_type | D6: rare | E6: 40 | F6: ×1.5 Ballistic damage | G6: weapon_type_mult | H6: 1.5 | I6: ballistic | J6: Ballistic focus | K6: Energy/Missile | L6: 6 | M6: implemented
A7: energy_specialist | B7: Energy Specialist | C7: weapon_type | D7: rare | E7: 40 | F7: ×1.5 Energy damage | G7: weapon_type_mult | H7: 1.5 | I7: energy | J7: Energy focus | K7: Ballistic/Missile | L7: 6 | M7: implemented
A8: ricochet_artist | B8: Ricochet Artist | C8: conditional | D8: epic | E8: 60 | F8: ×2 damage on bounced shots | G8: bounce_mult | H8: 2 | J8: Bounce builds | K8: None | L8: 8 | M8: implemented | N8: Core identity pilot
A9: afterburner | B9: Afterburner | C9: global | D9: rare | E9: 40 | F9: +40 Move Speed | G9: speed_boost | H9: 40 | J9: Mobile builds | K9: None | L9: 4 | M9: implemented | N9: One-time stat on hire
C10: global | D10: common | E10: 20 | M10: idea
C11: global | D11: common | E11: 20 | M11: idea
C12: weapon_type | D12: rare | E12: 40 | I12: ballistic | M12: idea
C13: weapon_type | D13: rare | E13: 40 | I13: energy | M13: idea
C14: weapon_type | D14: rare | E14: 40 | I14: missile | M14: idea
C15: conditional | D15: epic | E15: 60 | M15: idea
C16: conditional | D16: epic | E16: 60 | M16: idea
D17: legendary | E17: 80 | M17: idea
M18: idea
M19: idea

Sheet Card Combos
A1: Combo Name | B1: Cards Required | C1: Effect Description | D1: Power Level (1-10) | E1: Difficulty to Pull Off | F1: Status | G1: Notes
A2: The Stat Stacker | B2: Sturdy Frame, Shield Boost, Double Down | C2: Each stat card gives +5% all stats. With 2 stat cards = +10% everything | D2: 7 | E2: Easy | F2: Concept | G2: Rewards taking stat cards
A3: The Infinite Bouncer | B3: Ricochet x3, Bounce Master, Super Bounce | C3: Bullets bounce 4+ times, each bounce +25% damage, bounced bullets deal +50% | D3: 9 | E3: Medium | F3: Concept | G3: Insane in corridors
A4: Glass Cannon Assassin | B4: Minimalist, The Immortal, Last Stand | C4: At 10% HP with 3 cards = +650% damage | D4: 10 | E4: Hard | F4: Concept | G4: Requires perfect dodging

Sheet Rarity Distribution
A1: Rarity | B1: Target % | C1: Target Count | D1: Current Count | E1: Status
A2: Common | B2: 70% | C2: 21-28 | D2: 4 | E2: Need more
A3: Rare | B3: 25% | C3: 8-10 | D3: 2 | E3: Need more
A4: Epic | B4: 4.5% | C4: 3-5 | D4: 0 | E4: Need to design
A5: Legendary | B5: 0.5% | C5: 1-2 | D5: 0 | E5: Need to design
A7: TOTAL CARDS | C7: 30-40 | D7: 6 | E7: Just started!

Sheet JSON Export Guide
A1: HOW TO GET DATA INTO THE GAME
A3: Step 1 | B3: Fill in Weapon Base Stats sheet — one row per weapon.
A4: Step 2 | B4: Tell Claude Code: 'Import weapons from spreadsheet'.
A5: Step 3 | B5: Claude reads the sheet and regenerates data/weapons.json.
A6: Step 4 | B6: Run the game — WeaponDB loads the new JSON automatically.
A8: Fields | B8: id: unique key (no spaces). type: ballistic / energy / missile.
B9: color_r/g/b: 0.0–1.0 (bullet trail colour).
B10: dmg_scale: damage multiplier per tier (0.44 = +44% each tier).
B11: rate_scale: fire rate multiplier per tier.

Sheet Effect Key Reference
A1: EFFECT KEYS — Use these exact strings in the 'effect' column
A2: Effect Key | B2: Type | C2: Value Meaning | D2: Example
A3: damage_flat_pct | B3: global | C3: % added to all damage (0.2=20%) | D3: Power Surge
A4: weapon_type_mult | B4: weapon_type | C4: Multiplier (1.5 = ×1.5 dmg) | D4: Ballistic Expert
A5: bounce_mult | B5: conditional | C5: Multiplier on bounced shots | D5: Ricochet Artist
A6: shield_boost | B6: global | C6: Flat shield added on hire | D6: Shield Tech
A7: speed_boost | B7: global | C7: Flat speed added on hire | D7: Afterburner
A8: hp_boost | B8: global | C8: Flat max HP added on hire | D8: (future)
A9: pierce_mult | B9: conditional | C9: Multiplier on piercing shots | D9: (future)
A10: crit_mult | B10: conditional | C10: Multiplier on crit hits | D10: (future)
A12: To add a NEW effect: | C12: 1. Add the key here
C13: 2. Add a row in the Pilots sheet
C14: 3. Tell Claude — a new branch in PilotManager.apply_pilots()

Sheet Balance Metrics
A1: Card Name | B1: Pick Rate (%) | C1: Win Rate with Card (%) | D1: Avg Damage Increase | E1: Synergy Count | F1: Anti-Synergy Count | G1: Player Rating (1-5) | H1: Balance Status | I1: Needs Buff/Nerf?
A2: [Fill this in after playtesting]
A3: Track which cards are overpowered/underpowered
