Workbook

Sheet Weapon Base Stats
A1: 🚀 WEAPON BASE STATS & MERGE SCALING
A2: Weapon | B2: Category | C2: Base Damage | D2: Base Fire Rate (shots/sec) | E2: Base Projectiles | F2: Base AOE Radius | G2: DMG Scale (per tier) | H2: Fire Rate Scale (per tier) | I2: Notes
A3: Machine Gun | B3: Ballistic | C3: 8 | D3: 10 | E3: 1 | F3: 0 | G3: 0.15 | H3: 0.2 | I3: High RoF, low damage. Shreds light enemies.
A4: Shotgun | B4: Ballistic | C4: 12 | D4: 2 | E4: 5 | F4: 0 | G4: 0.1 | H4: 0.1 | I4: Wide spread. Devastating at close range.
A5: Plasma Cannon | B5: Energy | C5: 50 | D5: 0.5 | E5: 1 | F5: 40 | G5: 0.25 | H5: 0.1 | I5: Slow but huge AOE splash damage.
A6: Laser | B6: Energy | C6: 20 | D6: 5 | E6: 1 | F6: 0 | G6: 0.2 | H6: 0.25 | I6: Consistent beam damage, great DPS.
A7: Homing Missile | B7: Missile | C7: 35 | D7: 1 | E7: 1 | F7: 20 | G7: 0.2 | H7: 0.15 | I7: Tracks enemies, small AOE on impact.

Sheet Tier Progression
A1: ⚔️ WEAPON TIER PROGRESSION (formulas pull from 'Weapon Base Stats')
A2: Weapon | B2: Stat | C2: Tier 1 | D2: Tier 2 | E2: Tier 3 | F2: Tier 4 | G2: Tier 5
A3: Machine Gun | B3: Damage | C3: ='Weapon Base Stats'!C3 -> 8 | D3: =CEILING(C3*(1+'Weapon Base Stats'!G3),1) -> 10 | E3: =CEILING(D3*(1+'Weapon Base Stats'!G3),1) -> 12 | F3: =CEILING(E3*(1+'Weapon Base Stats'!G3),1) -> 14 | G3: =CEILING(F3*(1+'Weapon Base Stats'!G3),1) -> 17
B4: Fire Rate | C4: ='Weapon Base Stats'!D3 -> 10 | D4: =ROUND(C4*(1+'Weapon Base Stats'!H3),2) -> 12 | E4: =ROUND(D4*(1+'Weapon Base Stats'!H3),2) -> 14.4 | F4: =ROUND(E4*(1+'Weapon Base Stats'!H3),2) -> 17.28 | G4: =ROUND(F4*(1+'Weapon Base Stats'!H3),2) -> 20.74
B5: Projectiles | C5: ='Weapon Base Stats'!E3 -> 1 | D5: =CEILING(C5*(1+0.1),1) -> 2 | E5: =CEILING(D5*(1+0.1),1) -> 3 | F5: =CEILING(E5*(1+0.1),1) -> 4 | G5: =CEILING(F5*(1+0.1),1) -> 5
B6: AOE Radius | C6: ='Weapon Base Stats'!F3 -> 0 | D6: ='Weapon Base Stats'!F3 -> 0 | E6: ='Weapon Base Stats'!F3 -> 0 | F6: ='Weapon Base Stats'!F3 -> 0 | G6: ='Weapon Base Stats'!F3 -> 0
B7: DPS (dmg×rof×proj) | C7: =C3*C4*C5 -> 80 | D7: =D3*D4*D5 -> 240 | E7: =E3*E4*E5 -> 518.4 | F7: =F3*F4*F5 -> 967.68 | G7: =G3*G4*G5 -> 1762.9
A9: Shotgun | B9: Damage | C9: ='Weapon Base Stats'!C4 -> 12 | D9: =CEILING(C9*(1+'Weapon Base Stats'!G4),1) -> 14 | E9: =CEILING(D9*(1+'Weapon Base Stats'!G4),1) -> 16 | F9: =CEILING(E9*(1+'Weapon Base Stats'!G4),1) -> 18 | G9: =CEILING(F9*(1+'Weapon Base Stats'!G4),1) -> 20
B10: Fire Rate | C10: ='Weapon Base Stats'!D4 -> 2 | D10: =ROUND(C10*(1+'Weapon Base Stats'!H4),2) -> 2.2 | E10: =ROUND(D10*(1+'Weapon Base Stats'!H4),2) -> 2.42 | F10: =ROUND(E10*(1+'Weapon Base Stats'!H4),2) -> 2.66 | G10: =ROUND(F10*(1+'Weapon Base Stats'!H4),2) -> 2.93
B11: Projectiles | C11: ='Weapon Base Stats'!E4 -> 5 | D11: =CEILING(C11*(1+0.25),1) -> 7 | E11: =CEILING(D11*(1+0.25),1) -> 9 | F11: =CEILING(E11*(1+0.25),1) -> 12 | G11: =CEILING(F11*(1+0.25),1) -> 15
B12: AOE Radius | C12: ='Weapon Base Stats'!F4 -> 0 | D12: ='Weapon Base Stats'!F4 -> 0 | E12: ='Weapon Base Stats'!F4 -> 0 | F12: ='Weapon Base Stats'!F4 -> 0 | G12: ='Weapon Base Stats'!F4 -> 0
B13: DPS (dmg×rof×proj) | C13: =C9*C10*C11 -> 120 | D13: =D9*D10*D11 -> 215.6 | E13: =E9*E10*E11 -> 348.48 | F13: =F9*F10*F11 -> 574.56 | G13: =G9*G10*G11 -> 879
A15: Plasma Cannon | B15: Damage | C15: ='Weapon Base Stats'!C5 -> 50 | D15: =CEILING(C15*(1+'Weapon Base Stats'!G5),1) -> 63 | E15: =CEILING(D15*(1+'Weapon Base Stats'!G5),1) -> 79 | F15: =CEILING(E15*(1+'Weapon Base Stats'!G5),1) -> 99 | G15: =CEILING(F15*(1+'Weapon Base Stats'!G5),1) -> 124
B16: Fire Rate | C16: ='Weapon Base Stats'!D5 -> 0.5 | D16: =ROUND(C16*(1+'Weapon Base Stats'!H5),2) -> 0.55 | E16: =ROUND(D16*(1+'Weapon Base Stats'!H5),2) -> 0.61 | F16: =ROUND(E16*(1+'Weapon Base Stats'!H5),2) -> 0.67 | G16: =ROUND(F16*(1+'Weapon Base Stats'!H5),2) -> 0.74
B17: Projectiles | C17: ='Weapon Base Stats'!E5 -> 1 | D17: ='Weapon Base Stats'!E5 -> 1 | E17: ='Weapon Base Stats'!E5 -> 1 | F17: ='Weapon Base Stats'!E5 -> 1 | G17: ='Weapon Base Stats'!E5 -> 1
B18: AOE Radius | C18: ='Weapon Base Stats'!F5 -> 40 | D18: =CEILING(C18*(1+0.2),1) -> 48 | E18: =CEILING(D18*(1+0.2),1) -> 58 | F18: =CEILING(E18*(1+0.2),1) -> 70 | G18: =CEILING(F18*(1+0.2),1) -> 84
B19: DPS (dmg×rof×proj) | C19: =C15*C16*C17 -> 25 | D19: =D15*D16*D17 -> 34.65 | E19: =E15*E16*E17 -> 48.19 | F19: =F15*F16*F17 -> 66.33 | G19: =G15*G16*G17 -> 91.76
A21: Laser | B21: Damage | C21: ='Weapon Base Stats'!C6 -> 20 | D21: =CEILING(C21*(1+'Weapon Base Stats'!G6),1) -> 24 | E21: =CEILING(D21*(1+'Weapon Base Stats'!G6),1) -> 29 | F21: =CEILING(E21*(1+'Weapon Base Stats'!G6),1) -> 35 | G21: =CEILING(F21*(1+'Weapon Base Stats'!G6),1) -> 42
B22: Fire Rate | C22: ='Weapon Base Stats'!D6 -> 5 | D22: =ROUND(C22*(1+'Weapon Base Stats'!H6),2) -> 6.25 | E22: =ROUND(D22*(1+'Weapon Base Stats'!H6),2) -> 7.81 | F22: =ROUND(E22*(1+'Weapon Base Stats'!H6),2) -> 9.76 | G22: =ROUND(F22*(1+'Weapon Base Stats'!H6),2) -> 12.2
B23: Projectiles | C23: ='Weapon Base Stats'!E6 -> 1 | D23: ='Weapon Base Stats'!E6 -> 1 | E23: ='Weapon Base Stats'!E6 -> 1 | F23: ='Weapon Base Stats'!E6 -> 1 | G23: ='Weapon Base Stats'!E6 -> 1
B24: AOE Radius | C24: ='Weapon Base Stats'!F6 -> 0 | D24: ='Weapon Base Stats'!F6 -> 0 | E24: ='Weapon Base Stats'!F6 -> 0 | F24: ='Weapon Base Stats'!F6 -> 0 | G24: ='Weapon Base Stats'!F6 -> 0
B25: DPS (dmg×rof×proj) | C25: =C21*C22*C23 -> 100 | D25: =D21*D22*D23 -> 150 | E25: =E21*E22*E23 -> 226.49 | F25: =F21*F22*F23 -> 341.6 | G25: =G21*G22*G23 -> 512.4
A27: Homing Missile | B27: Damage | C27: ='Weapon Base Stats'!C7 -> 35 | D27: =CEILING(C27*(1+'Weapon Base Stats'!G7),1) -> 42 | E27: =CEILING(D27*(1+'Weapon Base Stats'!G7),1) -> 51 | F27: =CEILING(E27*(1+'Weapon Base Stats'!G7),1) -> 62 | G27: =CEILING(F27*(1+'Weapon Base Stats'!G7),1) -> 75
B28: Fire Rate | C28: ='Weapon Base Stats'!D7 -> 1 | D28: =ROUND(C28*(1+'Weapon Base Stats'!H7),2) -> 1.15 | E28: =ROUND(D28*(1+'Weapon Base Stats'!H7),2) -> 1.32 | F28: =ROUND(E28*(1+'Weapon Base Stats'!H7),2) -> 1.52 | G28: =ROUND(F28*(1+'Weapon Base Stats'!H7),2) -> 1.75
B29: Projectiles | C29: ='Weapon Base Stats'!E7 -> 1 | D29: =CEILING(C29*(1+0.1),1) -> 2 | E29: =CEILING(D29*(1+0.1),1) -> 3 | F29: =CEILING(E29*(1+0.1),1) -> 4 | G29: =CEILING(F29*(1+0.1),1) -> 5
B30: AOE Radius | C30: ='Weapon Base Stats'!F7 -> 20 | D30: =CEILING(C30*(1+0.15),1) -> 23 | E30: =CEILING(D30*(1+0.15),1) -> 27 | F30: =CEILING(E30*(1+0.15),1) -> 32 | G30: =CEILING(F30*(1+0.15),1) -> 37
B31: DPS (dmg×rof×proj) | C31: =C27*C28*C29 -> 35 | D31: =D27*D28*D29 -> 96.6 | E31: =E27*E28*E29 -> 201.96 | F31: =F27*F28*F29 -> 376.96 | G31: =G27*G28*G29 -> 656.25

Sheet Card Simulator
A1: 🃏 CARD & UPGRADE SIMULATOR — adjust yellow cells to see final stats
A2: Yellow = inputs you can change. Tier pulls from Tier Progression sheet. Final DPS = (BaseDMG + FlatBonus) × DMGMult × FireRate × RoFMult × (BaseProj + ExtraProj)
A3: Weapon | B3: Tier (1–5) | C3: Base Damage | D3: Base Fire Rate | E3: Base Projectiles | F3: +Flat DMG (card) | G3: ×DMG Mult (card) | H3: ×RoF Mult (card) | I3: +Proj (card) | J3: Final DPS
A4: Machine Gun | B4: 1 | C4: =INDEX('Tier Progression'!C3:G3,1,B4) -> 8 | D4: =INDEX('Tier Progression'!C4:G4,1,B4) -> 10 | E4: =INDEX('Tier Progression'!C5:G5,1,B4) -> 1 | F4: 0 | G4: 1 | H4: 1 | I4: 0 | J4: =(C4+F4)*G4*D4*H4*(E4+I4) -> 80
A5: Shotgun | B5: 1 | C5: =INDEX('Tier Progression'!C9:G9,1,B5) -> 12 | D5: =INDEX('Tier Progression'!C10:G10,1,B5) -> 2 | E5: =INDEX('Tier Progression'!C11:G11,1,B5) -> 5 | F5: 0 | G5: 1 | H5: 1 | I5: 0 | J5: =(C5+F5)*G5*D5*H5*(E5+I5) -> 120
A6: Plasma Cannon | B6: 1 | C6: =INDEX('Tier Progression'!C15:G15,1,B6) -> 50 | D6: =INDEX('Tier Progression'!C16:G16,1,B6) -> 0.5 | E6: =INDEX('Tier Progression'!C17:G17,1,B6) -> 1 | F6: 0 | G6: 1 | H6: 1 | I6: 0 | J6: =(C6+F6)*G6*D6*H6*(E6+I6) -> 25
A7: Laser | B7: 1 | C7: =INDEX('Tier Progression'!C21:G21,1,B7) -> 20 | D7: =INDEX('Tier Progression'!C22:G22,1,B7) -> 5 | E7: =INDEX('Tier Progression'!C23:G23,1,B7) -> 1 | F7: 0 | G7: 1 | H7: 1 | I7: 0 | J7: =(C7+F7)*G7*D7*H7*(E7+I7) -> 100
A8: Homing Missile | B8: 1 | C8: =INDEX('Tier Progression'!C27:G27,1,B8) -> 35 | D8: =INDEX('Tier Progression'!C28:G28,1,B8) -> 1 | E8: =INDEX('Tier Progression'!C29:G29,1,B8) -> 1 | F8: 0 | G8: 1 | H8: 1 | I8: 0 | J8: =(C8+F8)*G8*D8*H8*(E8+I8) -> 35
